,split0_test_mae,split1_test_mae,split2_test_mae,mean_test_mae,std_test_mae,rank_test_mae,mean_fit_time,std_fit_time,mean_test_time,std_test_time,params,param_n_factors,param_reg_all
0,0.742909344988973,0.7470497938791515,0.7498413817840439,0.7466001735507227,0.0028477947446935792,1,2.221705357233683,0.08578301397617713,0.6966710090637207,0.03256626120495189,"{'n_factors': 5, 'reg_all': 0.02}",5,0.02
